--
-- PostgreSQL database dump
--

-- Dumped from database version 12.1 (Ubuntu 12.1-1.pgdg18.04+1)
-- Dumped by pg_dump version 12.0

-- Started on 2020-01-21 17:36:05

SET statement_timeout = 0;
SET lock_timeout = 0;
SET idle_in_transaction_session_timeout = 0;
SET client_encoding = 'SQL_ASCII';
SET standard_conforming_strings = on;
SELECT pg_catalog.set_config('search_path', '', false);
SET check_function_bodies = false;
SET xmloption = content;
SET client_min_messages = warning;
SET row_security = off;

--
-- TOC entry 47 (class 2615 OID 31049)
-- Name: mi182_bmdelacruz2; Type: SCHEMA; Schema: -; Owner: datama2mi182
--

CREATE SCHEMA mi182_bmdelacruz2;


ALTER SCHEMA mi182_bmdelacruz2 OWNER TO datama2mi182;

--
-- TOC entry 1272 (class 1247 OID 31140)
-- Name: license_types_enum; Type: TYPE; Schema: mi182_bmdelacruz2; Owner: datama2mi182
--

CREATE TYPE mi182_bmdelacruz2.license_types_enum AS ENUM (
    'Non-Professional',
    'Professional'
);


ALTER TYPE mi182_bmdelacruz2.license_types_enum OWNER TO datama2mi182;

--
-- TOC entry 1329 (class 1247 OID 31238)
-- Name: warehouse_types_enum; Type: TYPE; Schema: mi182_bmdelacruz2; Owner: datama2mi182
--

CREATE TYPE mi182_bmdelacruz2.warehouse_types_enum AS ENUM (
    'Public',
    'Private',
    'Rental'
);


ALTER TYPE mi182_bmdelacruz2.warehouse_types_enum OWNER TO datama2mi182;

--
-- TOC entry 622 (class 1255 OID 31311)
-- Name: update_employee_types(integer, character varying); Type: PROCEDURE; Schema: mi182_bmdelacruz2; Owner: datama2mi182
--

CREATE PROCEDURE mi182_bmdelacruz2.update_employee_types(integer, character varying)
    LANGUAGE plpgsql
    AS $_$
BEGIN

    INSERT INTO
        mi182_bmdelacruz2.employee_types (type)
    SELECT
        $2
    WHERE NOT EXISTS (
        SELECT type from mi182_bmdelacruz2.employee_types WHERE type = $2
    );

    UPDATE mi182_bmdelacruz2.employees
    SET
        employee_type_id = (SELECT
            mi182_bmdelacruz2.employee_types.id FROM mi182_bmdelacruz2.employee_types WHERE type = $2)
    WHERE id = $1;

    COMMIT;
END;
$_$;


ALTER PROCEDURE mi182_bmdelacruz2.update_employee_types(integer, character varying) OWNER TO datama2mi182;

--
-- TOC entry 623 (class 1255 OID 31312)
-- Name: update_event_type(integer, character varying); Type: PROCEDURE; Schema: mi182_bmdelacruz2; Owner: datama2mi182
--

CREATE PROCEDURE mi182_bmdelacruz2.update_event_type(integer, character varying)
    LANGUAGE plpgsql
    AS $_$
BEGIN

    INSERT INTO
        MI182_bmdelacruz2.event_types (type)
    SELECT
        $2
    WHERE NOT EXISTS (
        SELECT type FROM MI182_bmdelacruz2.event_types WHERE type = $2
    );

    UPDATE MI182_bmdelacruz2.events
    SET
        event_type_id = (SELECT
            MI182_bmdelacruz2.event_types.id FROM MI182_bmdelacruz2.event_types WHERE type = $2)
    WHERE id = $1;

    COMMIT;
END;
$_$;


ALTER PROCEDURE mi182_bmdelacruz2.update_event_type(integer, character varying) OWNER TO datama2mi182;

SET default_tablespace = '';

SET default_table_access_method = heap;

--
-- TOC entry 528 (class 1259 OID 31062)
-- Name: clients; Type: TABLE; Schema: mi182_bmdelacruz2; Owner: datama2mi182
--

CREATE TABLE mi182_bmdelacruz2.clients (
    id integer NOT NULL,
    fname character varying(45) NOT NULL,
    mname character varying(45) NOT NULL,
    lname character varying(45) NOT NULL,
    contact_number character varying(45) NOT NULL,
    email_address character varying(100) NOT NULL
);


ALTER TABLE mi182_bmdelacruz2.clients OWNER TO datama2mi182;

--
-- TOC entry 527 (class 1259 OID 31060)
-- Name: clients_id_seq; Type: SEQUENCE; Schema: mi182_bmdelacruz2; Owner: datama2mi182
--

CREATE SEQUENCE mi182_bmdelacruz2.clients_id_seq
    AS integer
    START WITH 1
    INCREMENT BY 1
    NO MINVALUE
    NO MAXVALUE
    CACHE 1;


ALTER TABLE mi182_bmdelacruz2.clients_id_seq OWNER TO datama2mi182;

--
-- TOC entry 3989 (class 0 OID 0)
-- Dependencies: 527
-- Name: clients_id_seq; Type: SEQUENCE OWNED BY; Schema: mi182_bmdelacruz2; Owner: datama2mi182
--

ALTER SEQUENCE mi182_bmdelacruz2.clients_id_seq OWNED BY mi182_bmdelacruz2.clients.id;


--
-- TOC entry 530 (class 1259 OID 31072)
-- Name: companies; Type: TABLE; Schema: mi182_bmdelacruz2; Owner: datama2mi182
--

CREATE TABLE mi182_bmdelacruz2.companies (
    id integer NOT NULL,
    name character varying(100) NOT NULL,
    found_date date NOT NULL,
    president_id integer NOT NULL
);


ALTER TABLE mi182_bmdelacruz2.companies OWNER TO datama2mi182;

--
-- TOC entry 529 (class 1259 OID 31070)
-- Name: companies_id_seq; Type: SEQUENCE; Schema: mi182_bmdelacruz2; Owner: datama2mi182
--

CREATE SEQUENCE mi182_bmdelacruz2.companies_id_seq
    AS integer
    START WITH 1
    INCREMENT BY 1
    NO MINVALUE
    NO MAXVALUE
    CACHE 1;


ALTER TABLE mi182_bmdelacruz2.companies_id_seq OWNER TO datama2mi182;

--
-- TOC entry 3990 (class 0 OID 0)
-- Dependencies: 529
-- Name: companies_id_seq; Type: SEQUENCE OWNED BY; Schema: mi182_bmdelacruz2; Owner: datama2mi182
--

ALTER SEQUENCE mi182_bmdelacruz2.companies_id_seq OWNED BY mi182_bmdelacruz2.companies.id;


--
-- TOC entry 538 (class 1259 OID 31128)
-- Name: drapers; Type: TABLE; Schema: mi182_bmdelacruz2; Owner: datama2mi182
--

CREATE TABLE mi182_bmdelacruz2.drapers (
    id integer NOT NULL,
    employee_id integer NOT NULL,
    certification_qty integer NOT NULL,
    years_experience smallint NOT NULL,
    exhibit_qty integer NOT NULL
);


ALTER TABLE mi182_bmdelacruz2.drapers OWNER TO datama2mi182;

--
-- TOC entry 537 (class 1259 OID 31126)
-- Name: drapers_id_seq; Type: SEQUENCE; Schema: mi182_bmdelacruz2; Owner: datama2mi182
--

CREATE SEQUENCE mi182_bmdelacruz2.drapers_id_seq
    AS integer
    START WITH 1
    INCREMENT BY 1
    NO MINVALUE
    NO MAXVALUE
    CACHE 1;


ALTER TABLE mi182_bmdelacruz2.drapers_id_seq OWNER TO datama2mi182;

--
-- TOC entry 3991 (class 0 OID 0)
-- Dependencies: 537
-- Name: drapers_id_seq; Type: SEQUENCE OWNED BY; Schema: mi182_bmdelacruz2; Owner: datama2mi182
--

ALTER SEQUENCE mi182_bmdelacruz2.drapers_id_seq OWNED BY mi182_bmdelacruz2.drapers.id;


--
-- TOC entry 542 (class 1259 OID 31157)
-- Name: drivers; Type: TABLE; Schema: mi182_bmdelacruz2; Owner: datama2mi182
--

CREATE TABLE mi182_bmdelacruz2.drivers (
    id integer NOT NULL,
    employee_id integer NOT NULL,
    license_num character varying(100) NOT NULL,
    license_expiry date NOT NULL,
    license_type_id integer NOT NULL
);


ALTER TABLE mi182_bmdelacruz2.drivers OWNER TO datama2mi182;

--
-- TOC entry 541 (class 1259 OID 31155)
-- Name: drivers_id_seq; Type: SEQUENCE; Schema: mi182_bmdelacruz2; Owner: datama2mi182
--

CREATE SEQUENCE mi182_bmdelacruz2.drivers_id_seq
    AS integer
    START WITH 1
    INCREMENT BY 1
    NO MINVALUE
    NO MAXVALUE
    CACHE 1;


ALTER TABLE mi182_bmdelacruz2.drivers_id_seq OWNER TO datama2mi182;

--
-- TOC entry 3992 (class 0 OID 0)
-- Dependencies: 541
-- Name: drivers_id_seq; Type: SEQUENCE OWNED BY; Schema: mi182_bmdelacruz2; Owner: datama2mi182
--

ALTER SEQUENCE mi182_bmdelacruz2.drivers_id_seq OWNED BY mi182_bmdelacruz2.drivers.id;


--
-- TOC entry 532 (class 1259 OID 31085)
-- Name: employee_types; Type: TABLE; Schema: mi182_bmdelacruz2; Owner: datama2mi182
--

CREATE TABLE mi182_bmdelacruz2.employee_types (
    id integer NOT NULL,
    type character varying(20) NOT NULL
);


ALTER TABLE mi182_bmdelacruz2.employee_types OWNER TO datama2mi182;

--
-- TOC entry 531 (class 1259 OID 31083)
-- Name: employee_types_id_seq; Type: SEQUENCE; Schema: mi182_bmdelacruz2; Owner: datama2mi182
--

CREATE SEQUENCE mi182_bmdelacruz2.employee_types_id_seq
    AS integer
    START WITH 1
    INCREMENT BY 1
    NO MINVALUE
    NO MAXVALUE
    CACHE 1;


ALTER TABLE mi182_bmdelacruz2.employee_types_id_seq OWNER TO datama2mi182;

--
-- TOC entry 3993 (class 0 OID 0)
-- Dependencies: 531
-- Name: employee_types_id_seq; Type: SEQUENCE OWNED BY; Schema: mi182_bmdelacruz2; Owner: datama2mi182
--

ALTER SEQUENCE mi182_bmdelacruz2.employee_types_id_seq OWNED BY mi182_bmdelacruz2.employee_types.id;


--
-- TOC entry 534 (class 1259 OID 31095)
-- Name: employees; Type: TABLE; Schema: mi182_bmdelacruz2; Owner: datama2mi182
--

CREATE TABLE mi182_bmdelacruz2.employees (
    id integer NOT NULL,
    fname character varying(45) NOT NULL,
    mname character varying(45) NOT NULL,
    lname character varying(45) NOT NULL,
    contact_number character varying(45) NOT NULL,
    address character varying(255) NOT NULL,
    company_id integer NOT NULL,
    employee_type_id integer NOT NULL
);


ALTER TABLE mi182_bmdelacruz2.employees OWNER TO datama2mi182;

--
-- TOC entry 533 (class 1259 OID 31093)
-- Name: employees_id_seq; Type: SEQUENCE; Schema: mi182_bmdelacruz2; Owner: datama2mi182
--

CREATE SEQUENCE mi182_bmdelacruz2.employees_id_seq
    AS integer
    START WITH 1
    INCREMENT BY 1
    NO MINVALUE
    NO MAXVALUE
    CACHE 1;


ALTER TABLE mi182_bmdelacruz2.employees_id_seq OWNER TO datama2mi182;

--
-- TOC entry 3994 (class 0 OID 0)
-- Dependencies: 533
-- Name: employees_id_seq; Type: SEQUENCE OWNED BY; Schema: mi182_bmdelacruz2; Owner: datama2mi182
--

ALTER SEQUENCE mi182_bmdelacruz2.employees_id_seq OWNED BY mi182_bmdelacruz2.employees.id;


--
-- TOC entry 548 (class 1259 OID 31206)
-- Name: event_types; Type: TABLE; Schema: mi182_bmdelacruz2; Owner: datama2mi182
--

CREATE TABLE mi182_bmdelacruz2.event_types (
    id integer NOT NULL,
    type character varying(50) NOT NULL
);


ALTER TABLE mi182_bmdelacruz2.event_types OWNER TO datama2mi182;

--
-- TOC entry 547 (class 1259 OID 31204)
-- Name: event_types_id_seq; Type: SEQUENCE; Schema: mi182_bmdelacruz2; Owner: datama2mi182
--

CREATE SEQUENCE mi182_bmdelacruz2.event_types_id_seq
    AS integer
    START WITH 1
    INCREMENT BY 1
    NO MINVALUE
    NO MAXVALUE
    CACHE 1;


ALTER TABLE mi182_bmdelacruz2.event_types_id_seq OWNER TO datama2mi182;

--
-- TOC entry 3995 (class 0 OID 0)
-- Dependencies: 547
-- Name: event_types_id_seq; Type: SEQUENCE OWNED BY; Schema: mi182_bmdelacruz2; Owner: datama2mi182
--

ALTER SEQUENCE mi182_bmdelacruz2.event_types_id_seq OWNED BY mi182_bmdelacruz2.event_types.id;


--
-- TOC entry 550 (class 1259 OID 31216)
-- Name: events; Type: TABLE; Schema: mi182_bmdelacruz2; Owner: datama2mi182
--

CREATE TABLE mi182_bmdelacruz2.events (
    id integer NOT NULL,
    company_id integer NOT NULL,
    event_type_id integer NOT NULL,
    client_id integer NOT NULL,
    location character varying(255) NOT NULL,
    startdate date NOT NULL,
    enddate date NOT NULL
);


ALTER TABLE mi182_bmdelacruz2.events OWNER TO datama2mi182;

--
-- TOC entry 549 (class 1259 OID 31214)
-- Name: events_id_seq; Type: SEQUENCE; Schema: mi182_bmdelacruz2; Owner: datama2mi182
--

CREATE SEQUENCE mi182_bmdelacruz2.events_id_seq
    AS integer
    START WITH 1
    INCREMENT BY 1
    NO MINVALUE
    NO MAXVALUE
    CACHE 1;


ALTER TABLE mi182_bmdelacruz2.events_id_seq OWNER TO datama2mi182;

--
-- TOC entry 3996 (class 0 OID 0)
-- Dependencies: 549
-- Name: events_id_seq; Type: SEQUENCE OWNED BY; Schema: mi182_bmdelacruz2; Owner: datama2mi182
--

ALTER SEQUENCE mi182_bmdelacruz2.events_id_seq OWNED BY mi182_bmdelacruz2.events.id;


--
-- TOC entry 536 (class 1259 OID 31115)
-- Name: florists; Type: TABLE; Schema: mi182_bmdelacruz2; Owner: datama2mi182
--

CREATE TABLE mi182_bmdelacruz2.florists (
    id integer NOT NULL,
    employee_id integer NOT NULL,
    flower_variety_qty integer NOT NULL
);


ALTER TABLE mi182_bmdelacruz2.florists OWNER TO datama2mi182;

--
-- TOC entry 535 (class 1259 OID 31113)
-- Name: florists_id_seq; Type: SEQUENCE; Schema: mi182_bmdelacruz2; Owner: datama2mi182
--

CREATE SEQUENCE mi182_bmdelacruz2.florists_id_seq
    AS integer
    START WITH 1
    INCREMENT BY 1
    NO MINVALUE
    NO MAXVALUE
    CACHE 1;


ALTER TABLE mi182_bmdelacruz2.florists_id_seq OWNER TO datama2mi182;

--
-- TOC entry 3997 (class 0 OID 0)
-- Dependencies: 535
-- Name: florists_id_seq; Type: SEQUENCE OWNED BY; Schema: mi182_bmdelacruz2; Owner: datama2mi182
--

ALTER SEQUENCE mi182_bmdelacruz2.florists_id_seq OWNED BY mi182_bmdelacruz2.florists.id;


--
-- TOC entry 540 (class 1259 OID 31147)
-- Name: license_types; Type: TABLE; Schema: mi182_bmdelacruz2; Owner: datama2mi182
--

CREATE TABLE mi182_bmdelacruz2.license_types (
    id integer NOT NULL,
    type mi182_bmdelacruz2.license_types_enum NOT NULL
);


ALTER TABLE mi182_bmdelacruz2.license_types OWNER TO datama2mi182;

--
-- TOC entry 539 (class 1259 OID 31145)
-- Name: license_types_id_seq; Type: SEQUENCE; Schema: mi182_bmdelacruz2; Owner: datama2mi182
--

CREATE SEQUENCE mi182_bmdelacruz2.license_types_id_seq
    AS integer
    START WITH 1
    INCREMENT BY 1
    NO MINVALUE
    NO MAXVALUE
    CACHE 1;


ALTER TABLE mi182_bmdelacruz2.license_types_id_seq OWNER TO datama2mi182;

--
-- TOC entry 3998 (class 0 OID 0)
-- Dependencies: 539
-- Name: license_types_id_seq; Type: SEQUENCE OWNED BY; Schema: mi182_bmdelacruz2; Owner: datama2mi182
--

ALTER SEQUENCE mi182_bmdelacruz2.license_types_id_seq OWNED BY mi182_bmdelacruz2.license_types.id;


--
-- TOC entry 526 (class 1259 OID 31052)
-- Name: presidents; Type: TABLE; Schema: mi182_bmdelacruz2; Owner: datama2mi182
--

CREATE TABLE mi182_bmdelacruz2.presidents (
    id integer NOT NULL,
    fname character varying(45) NOT NULL,
    mname character varying(45) NOT NULL,
    lname character varying(45) NOT NULL,
    address character varying(255) NOT NULL,
    contact_number character varying(45),
    email_address character varying(100)
);


ALTER TABLE mi182_bmdelacruz2.presidents OWNER TO datama2mi182;

--
-- TOC entry 525 (class 1259 OID 31050)
-- Name: presidents_id_seq; Type: SEQUENCE; Schema: mi182_bmdelacruz2; Owner: datama2mi182
--

CREATE SEQUENCE mi182_bmdelacruz2.presidents_id_seq
    AS integer
    START WITH 1
    INCREMENT BY 1
    NO MINVALUE
    NO MAXVALUE
    CACHE 1;


ALTER TABLE mi182_bmdelacruz2.presidents_id_seq OWNER TO datama2mi182;

--
-- TOC entry 3999 (class 0 OID 0)
-- Dependencies: 525
-- Name: presidents_id_seq; Type: SEQUENCE OWNED BY; Schema: mi182_bmdelacruz2; Owner: datama2mi182
--

ALTER SEQUENCE mi182_bmdelacruz2.presidents_id_seq OWNED BY mi182_bmdelacruz2.presidents.id;


--
-- TOC entry 544 (class 1259 OID 31177)
-- Name: resource_organizers; Type: TABLE; Schema: mi182_bmdelacruz2; Owner: datama2mi182
--

CREATE TABLE mi182_bmdelacruz2.resource_organizers (
    id integer NOT NULL,
    employee_id integer NOT NULL,
    years_experience smallint NOT NULL,
    description character varying(500)
);


ALTER TABLE mi182_bmdelacruz2.resource_organizers OWNER TO datama2mi182;

--
-- TOC entry 543 (class 1259 OID 31175)
-- Name: resource_organizers_id_seq; Type: SEQUENCE; Schema: mi182_bmdelacruz2; Owner: datama2mi182
--

CREATE SEQUENCE mi182_bmdelacruz2.resource_organizers_id_seq
    AS integer
    START WITH 1
    INCREMENT BY 1
    NO MINVALUE
    NO MAXVALUE
    CACHE 1;


ALTER TABLE mi182_bmdelacruz2.resource_organizers_id_seq OWNER TO datama2mi182;

--
-- TOC entry 4000 (class 0 OID 0)
-- Dependencies: 543
-- Name: resource_organizers_id_seq; Type: SEQUENCE OWNED BY; Schema: mi182_bmdelacruz2; Owner: datama2mi182
--

ALTER SEQUENCE mi182_bmdelacruz2.resource_organizers_id_seq OWNED BY mi182_bmdelacruz2.resource_organizers.id;


--
-- TOC entry 546 (class 1259 OID 31190)
-- Name: styling_assistants; Type: TABLE; Schema: mi182_bmdelacruz2; Owner: datama2mi182
--

CREATE TABLE mi182_bmdelacruz2.styling_assistants (
    id integer NOT NULL,
    employee_id integer NOT NULL,
    certification_qty integer NOT NULL,
    years_experience smallint NOT NULL,
    specialization character varying(50)[]
);


ALTER TABLE mi182_bmdelacruz2.styling_assistants OWNER TO datama2mi182;

--
-- TOC entry 545 (class 1259 OID 31188)
-- Name: styling_assistants_id_seq; Type: SEQUENCE; Schema: mi182_bmdelacruz2; Owner: datama2mi182
--

CREATE SEQUENCE mi182_bmdelacruz2.styling_assistants_id_seq
    AS integer
    START WITH 1
    INCREMENT BY 1
    NO MINVALUE
    NO MAXVALUE
    CACHE 1;


ALTER TABLE mi182_bmdelacruz2.styling_assistants_id_seq OWNER TO datama2mi182;

--
-- TOC entry 4001 (class 0 OID 0)
-- Dependencies: 545
-- Name: styling_assistants_id_seq; Type: SEQUENCE OWNED BY; Schema: mi182_bmdelacruz2; Owner: datama2mi182
--

ALTER SEQUENCE mi182_bmdelacruz2.styling_assistants_id_seq OWNED BY mi182_bmdelacruz2.styling_assistants.id;


--
-- TOC entry 552 (class 1259 OID 31247)
-- Name: warehouse_types; Type: TABLE; Schema: mi182_bmdelacruz2; Owner: datama2mi182
--

CREATE TABLE mi182_bmdelacruz2.warehouse_types (
    id integer NOT NULL,
    type mi182_bmdelacruz2.warehouse_types_enum NOT NULL
);


ALTER TABLE mi182_bmdelacruz2.warehouse_types OWNER TO datama2mi182;

--
-- TOC entry 551 (class 1259 OID 31245)
-- Name: warehouse_types_id_seq; Type: SEQUENCE; Schema: mi182_bmdelacruz2; Owner: datama2mi182
--

CREATE SEQUENCE mi182_bmdelacruz2.warehouse_types_id_seq
    AS integer
    START WITH 1
    INCREMENT BY 1
    NO MINVALUE
    NO MAXVALUE
    CACHE 1;


ALTER TABLE mi182_bmdelacruz2.warehouse_types_id_seq OWNER TO datama2mi182;

--
-- TOC entry 4002 (class 0 OID 0)
-- Dependencies: 551
-- Name: warehouse_types_id_seq; Type: SEQUENCE OWNED BY; Schema: mi182_bmdelacruz2; Owner: datama2mi182
--

ALTER SEQUENCE mi182_bmdelacruz2.warehouse_types_id_seq OWNED BY mi182_bmdelacruz2.warehouse_types.id;


--
-- TOC entry 554 (class 1259 OID 31255)
-- Name: warehouses; Type: TABLE; Schema: mi182_bmdelacruz2; Owner: datama2mi182
--

CREATE TABLE mi182_bmdelacruz2.warehouses (
    id integer NOT NULL,
    company_id integer NOT NULL,
    warehouse_type_id integer NOT NULL,
    location character varying(255) NOT NULL
);


ALTER TABLE mi182_bmdelacruz2.warehouses OWNER TO datama2mi182;

--
-- TOC entry 553 (class 1259 OID 31253)
-- Name: warehouses_id_seq; Type: SEQUENCE; Schema: mi182_bmdelacruz2; Owner: datama2mi182
--

CREATE SEQUENCE mi182_bmdelacruz2.warehouses_id_seq
    AS integer
    START WITH 1
    INCREMENT BY 1
    NO MINVALUE
    NO MAXVALUE
    CACHE 1;


ALTER TABLE mi182_bmdelacruz2.warehouses_id_seq OWNER TO datama2mi182;

--
-- TOC entry 4003 (class 0 OID 0)
-- Dependencies: 553
-- Name: warehouses_id_seq; Type: SEQUENCE OWNED BY; Schema: mi182_bmdelacruz2; Owner: datama2mi182
--

ALTER SEQUENCE mi182_bmdelacruz2.warehouses_id_seq OWNED BY mi182_bmdelacruz2.warehouses.id;


--
-- TOC entry 555 (class 1259 OID 31273)
-- Name: warehouses_inner_join_view; Type: VIEW; Schema: mi182_bmdelacruz2; Owner: datama2mi182
--

CREATE VIEW mi182_bmdelacruz2.warehouses_inner_join_view AS
 SELECT warehouses.id,
    warehouses.location,
    warehouses.warehouse_type_id,
    warehouse_types.type
   FROM (mi182_bmdelacruz2.warehouses
     JOIN mi182_bmdelacruz2.warehouse_types ON ((warehouses.warehouse_type_id = warehouse_types.id)))
  ORDER BY warehouses.id;


ALTER TABLE mi182_bmdelacruz2.warehouses_inner_join_view OWNER TO datama2mi182;

--
-- TOC entry 556 (class 1259 OID 31277)
-- Name: warehouses_left_join_view; Type: VIEW; Schema: mi182_bmdelacruz2; Owner: datama2mi182
--

CREATE VIEW mi182_bmdelacruz2.warehouses_left_join_view AS
 SELECT warehouses.id,
    warehouses.location,
    warehouses.warehouse_type_id,
    warehouse_types.type
   FROM (mi182_bmdelacruz2.warehouses
     LEFT JOIN mi182_bmdelacruz2.warehouse_types ON ((warehouses.warehouse_type_id = warehouse_types.id)))
  ORDER BY warehouses.id;


ALTER TABLE mi182_bmdelacruz2.warehouses_left_join_view OWNER TO datama2mi182;

--
-- TOC entry 557 (class 1259 OID 31281)
-- Name: warehouses_right_join_view; Type: VIEW; Schema: mi182_bmdelacruz2; Owner: datama2mi182
--

CREATE VIEW mi182_bmdelacruz2.warehouses_right_join_view AS
 SELECT warehouses.id,
    warehouses.location,
    warehouses.warehouse_type_id,
    warehouse_types.type
   FROM (mi182_bmdelacruz2.warehouses
     RIGHT JOIN mi182_bmdelacruz2.warehouse_types ON ((warehouses.warehouse_type_id = warehouse_types.id)))
  ORDER BY warehouses.id;


ALTER TABLE mi182_bmdelacruz2.warehouses_right_join_view OWNER TO datama2mi182;

--
-- TOC entry 3732 (class 2604 OID 31065)
-- Name: clients id; Type: DEFAULT; Schema: mi182_bmdelacruz2; Owner: datama2mi182
--

ALTER TABLE ONLY mi182_bmdelacruz2.clients ALTER COLUMN id SET DEFAULT nextval('mi182_bmdelacruz2.clients_id_seq'::regclass);


--
-- TOC entry 3733 (class 2604 OID 31075)
-- Name: companies id; Type: DEFAULT; Schema: mi182_bmdelacruz2; Owner: datama2mi182
--

ALTER TABLE ONLY mi182_bmdelacruz2.companies ALTER COLUMN id SET DEFAULT nextval('mi182_bmdelacruz2.companies_id_seq'::regclass);


--
-- TOC entry 3737 (class 2604 OID 31131)
-- Name: drapers id; Type: DEFAULT; Schema: mi182_bmdelacruz2; Owner: datama2mi182
--

ALTER TABLE ONLY mi182_bmdelacruz2.drapers ALTER COLUMN id SET DEFAULT nextval('mi182_bmdelacruz2.drapers_id_seq'::regclass);


--
-- TOC entry 3739 (class 2604 OID 31160)
-- Name: drivers id; Type: DEFAULT; Schema: mi182_bmdelacruz2; Owner: datama2mi182
--

ALTER TABLE ONLY mi182_bmdelacruz2.drivers ALTER COLUMN id SET DEFAULT nextval('mi182_bmdelacruz2.drivers_id_seq'::regclass);


--
-- TOC entry 3734 (class 2604 OID 31088)
-- Name: employee_types id; Type: DEFAULT; Schema: mi182_bmdelacruz2; Owner: datama2mi182
--

ALTER TABLE ONLY mi182_bmdelacruz2.employee_types ALTER COLUMN id SET DEFAULT nextval('mi182_bmdelacruz2.employee_types_id_seq'::regclass);


--
-- TOC entry 3735 (class 2604 OID 31098)
-- Name: employees id; Type: DEFAULT; Schema: mi182_bmdelacruz2; Owner: datama2mi182
--

ALTER TABLE ONLY mi182_bmdelacruz2.employees ALTER COLUMN id SET DEFAULT nextval('mi182_bmdelacruz2.employees_id_seq'::regclass);


--
-- TOC entry 3742 (class 2604 OID 31209)
-- Name: event_types id; Type: DEFAULT; Schema: mi182_bmdelacruz2; Owner: datama2mi182
--

ALTER TABLE ONLY mi182_bmdelacruz2.event_types ALTER COLUMN id SET DEFAULT nextval('mi182_bmdelacruz2.event_types_id_seq'::regclass);


--
-- TOC entry 3743 (class 2604 OID 31219)
-- Name: events id; Type: DEFAULT; Schema: mi182_bmdelacruz2; Owner: datama2mi182
--

ALTER TABLE ONLY mi182_bmdelacruz2.events ALTER COLUMN id SET DEFAULT nextval('mi182_bmdelacruz2.events_id_seq'::regclass);


--
-- TOC entry 3736 (class 2604 OID 31118)
-- Name: florists id; Type: DEFAULT; Schema: mi182_bmdelacruz2; Owner: datama2mi182
--

ALTER TABLE ONLY mi182_bmdelacruz2.florists ALTER COLUMN id SET DEFAULT nextval('mi182_bmdelacruz2.florists_id_seq'::regclass);


--
-- TOC entry 3738 (class 2604 OID 31150)
-- Name: license_types id; Type: DEFAULT; Schema: mi182_bmdelacruz2; Owner: datama2mi182
--

ALTER TABLE ONLY mi182_bmdelacruz2.license_types ALTER COLUMN id SET DEFAULT nextval('mi182_bmdelacruz2.license_types_id_seq'::regclass);


--
-- TOC entry 3731 (class 2604 OID 31055)
-- Name: presidents id; Type: DEFAULT; Schema: mi182_bmdelacruz2; Owner: datama2mi182
--

ALTER TABLE ONLY mi182_bmdelacruz2.presidents ALTER COLUMN id SET DEFAULT nextval('mi182_bmdelacruz2.presidents_id_seq'::regclass);


--
-- TOC entry 3740 (class 2604 OID 31180)
-- Name: resource_organizers id; Type: DEFAULT; Schema: mi182_bmdelacruz2; Owner: datama2mi182
--

ALTER TABLE ONLY mi182_bmdelacruz2.resource_organizers ALTER COLUMN id SET DEFAULT nextval('mi182_bmdelacruz2.resource_organizers_id_seq'::regclass);


--
-- TOC entry 3741 (class 2604 OID 31193)
-- Name: styling_assistants id; Type: DEFAULT; Schema: mi182_bmdelacruz2; Owner: datama2mi182
--

ALTER TABLE ONLY mi182_bmdelacruz2.styling_assistants ALTER COLUMN id SET DEFAULT nextval('mi182_bmdelacruz2.styling_assistants_id_seq'::regclass);


--
-- TOC entry 3744 (class 2604 OID 31250)
-- Name: warehouse_types id; Type: DEFAULT; Schema: mi182_bmdelacruz2; Owner: datama2mi182
--

ALTER TABLE ONLY mi182_bmdelacruz2.warehouse_types ALTER COLUMN id SET DEFAULT nextval('mi182_bmdelacruz2.warehouse_types_id_seq'::regclass);


--
-- TOC entry 3745 (class 2604 OID 31258)
-- Name: warehouses id; Type: DEFAULT; Schema: mi182_bmdelacruz2; Owner: datama2mi182
--

ALTER TABLE ONLY mi182_bmdelacruz2.warehouses ALTER COLUMN id SET DEFAULT nextval('mi182_bmdelacruz2.warehouses_id_seq'::regclass);


--
-- TOC entry 3957 (class 0 OID 31062)
-- Dependencies: 528
-- Data for Name: clients; Type: TABLE DATA; Schema: mi182_bmdelacruz2; Owner: datama2mi182
--

COPY mi182_bmdelacruz2.clients (id, fname, mname, lname, contact_number, email_address) FROM stdin;
1	Jason	G	Todd	+639283747373	jgtodd@gmail.com
2	Angelica	Z	Daryl	+639283647389	azdaryl@gmail.com
3	Nadine	H	Paula	+639238564738	nhpaula@gmail.com
4	Jeric Paul	N	James	+639283647398	jnjames@gmail.com
5	Reynold	J	Jaime	+639378594851	rjjaime@gmail.com
\.


--
-- TOC entry 3959 (class 0 OID 31072)
-- Dependencies: 530
-- Data for Name: companies; Type: TABLE DATA; Schema: mi182_bmdelacruz2; Owner: datama2mi182
--

COPY mi182_bmdelacruz2.companies (id, name, found_date, president_id) FROM stdin;
1	Jo Claravall	1997-12-01	1
2	De Guzman Enterprise	2012-11-04	2
3	Wedding Org	2014-01-03	1
4	Organizers Incorporated	2019-11-01	2
5	PhilWed	2010-02-13	1
\.


--
-- TOC entry 3967 (class 0 OID 31128)
-- Dependencies: 538
-- Data for Name: drapers; Type: TABLE DATA; Schema: mi182_bmdelacruz2; Owner: datama2mi182
--

COPY mi182_bmdelacruz2.drapers (id, employee_id, certification_qty, years_experience, exhibit_qty) FROM stdin;
1	6	2	5	10
2	7	4	2	7
3	8	7	3	6
4	9	8	1	3
5	10	2	5	2
6	31	4	3	8
7	32	3	4	5
8	33	1	7	9
9	34	8	8	2
10	35	9	2	1
\.


--
-- TOC entry 3971 (class 0 OID 31157)
-- Dependencies: 542
-- Data for Name: drivers; Type: TABLE DATA; Schema: mi182_bmdelacruz2; Owner: datama2mi182
--

COPY mi182_bmdelacruz2.drivers (id, employee_id, license_num, license_expiry, license_type_id) FROM stdin;
1	1	N27-11-025178	2025-01-01	1
2	2	N21-12-025179	2026-02-11	2
3	3	N23-13-025180	2027-03-21	2
4	4	N25-14-025181	2025-04-01	1
5	5	N28-15-025182	2026-05-11	2
6	26	N20-16-025183	2027-06-21	1
7	27	N22-17-025184	2025-07-01	2
8	28	N24-18-025185	2026-08-11	2
9	29	N25-19-025186	2027-09-21	1
10	30	N26-19-025187	2025-10-01	2
\.


--
-- TOC entry 3961 (class 0 OID 31085)
-- Dependencies: 532
-- Data for Name: employee_types; Type: TABLE DATA; Schema: mi182_bmdelacruz2; Owner: datama2mi182
--

COPY mi182_bmdelacruz2.employee_types (id, type) FROM stdin;
1	drivers
2	drapers
3	florists
4	styling_assistants
5	resource_organizers
6	hugas
\.


--
-- TOC entry 3963 (class 0 OID 31095)
-- Dependencies: 534
-- Data for Name: employees; Type: TABLE DATA; Schema: mi182_bmdelacruz2; Owner: datama2mi182
--

COPY mi182_bmdelacruz2.employees (id, fname, mname, lname, contact_number, address, company_id, employee_type_id) FROM stdin;
2	Olivia	Gretchen	Stringfellow	+307801030207	23281 School Pass	2	1
3	Juline	Aeriell	Kleuer	+5042717673345	0 Granby Terrace	3	1
4	Freemon	Goraud	Reggiani	+668335046538	2717 Westridge Pass	4	1
5	Ag	Parsifal	Sinnatt	+3897182028606	69 Gateway Terrace	5	1
6	Wilhelmine	Holly	Klaaassen	+869448345829	6632 Harbort Street	1	2
7	Dredi	Dalia	Gallaway	+628139614410	81530 Nelson Trail	2	2
8	Elisa	Kym	Tichelaar	+984407100014	0529 Shopko Drive	3	2
9	Josepha	Liva	Martlew	+3898753240767	506 Armistice Lane	4	2
10	Davita	Dick	Resdale	+864064741484	375 Pond Drive	5	2
11	Karisa	David	Negus	+3511152209772	617 Bunting Terrace	1	3
12	Lilyan	Mahala	Cust	+861365947643	303 Bartelt Avenue	2	3
13	Gael	Sumner	Braams	+868395951632	2 Burning Wood Park	3	3
14	Helena	Mitzi	Gunney	+363304615405	6938 Main Point	4	3
15	Loria	Sammy	Burnyeat	+525436457274	8 Doe Crossing Drive	5	3
16	Marita	Angel	Klisch	+626516557479	8 Shasta Junction	1	4
17	Mohandis	Karla	Aulds	+2345473969357	3 Barnett Parkway	2	4
18	Dane	Marlyn	Raffan	+624362085513	672 Wayridge Alley	3	4
19	Carina	Charley	McGoogan	+538401186477	9 Summerview Avenue	4	4
20	Ethelin	Arliene	Bestwerthick	+467552198029	9 Anhalt Park	5	4
21	Bibbie	Gabriell	McKag	+305831460781	36 Norway Maple Road	1	5
22	Lorelle	Koral	Boyen	+869144207653	86864 Hovde Terrace	2	5
23	Elisabet	Stirling	Cadge	+482742626598	6021 Kipling Drive	3	5
24	Melli	Claudelle	Cyphus	+816426023425	169 Loftsgordon Circle	4	5
25	Smith	Alvie	Deason	+867803973829	86191 1st Plaza	5	5
26	Huntlee	Odella	Dunleavy	+3513659088796	2 Upham Junction	1	1
27	Roslyn	Dyane	Woodcroft	+4203543349064	1253 Burrows Road	2	1
28	Beverie	Shae	Croisier	+627126732315	615 Farwell Alley	3	1
29	Jarrod	Bryanty	Powley	+639002654841	0 Raven Lane	4	1
30	Bobbye	Pammi	Rubi	+868607172134	64038 East Court	5	1
31	Cynthea	Queenie	Pownall	+869461109005	18175 8th Parkway	1	2
32	Sonny	Janna	Weed	+473629738724	4245 Grim Terrace	2	2
33	Adele	Codi	Palk	+624804241006	1 Mosinee Parkway	3	2
34	Meredeth	Velvet	Gentile	+667291073156	3 Daystar Park	4	2
35	Mary	Redford	Karpov	+547868132305	08450 Banding Junction	5	2
36	Reinaldo	Lori	Catterson	+483892719298	917 Kensington Alley	1	3
37	Shanie	Gerri	McLeman	+555261852788	03809 Victoria Alley	2	3
38	Andrey	Gwenneth	Kapelhof	+79738450925	3382 Truax Avenue	3	3
39	Maris	Adrian	Stormont	+73695845938	8187 Merry Court	4	3
40	Etta	Mohandas	Eblein	+78872985666	1 Harper Center	5	3
41	Darwin	Corrine	Westraw	+629215359944	7429 Pepper Wood Park	1	4
42	Guendolen	Suzanna	Harnell	+639236994194	1 Redwing Hill	2	4
43	Cassey	Albrecht	Verman	+9949883383084	895 Jay Terrace	3	4
44	Selestina	Chic	Lambird	+624118810724	075 Dixon Park	4	4
45	Margaretha	Sindee	Treffrey	+639624893781	5 6th Crossing	5	4
46	Harriet	Sherye	Ledster	+9672084062884	4984 Maywood Lane	1	5
47	Aili	Kerrill	Theobold	+9616905696532	46148 Monica Avenue	2	5
48	Roxy	Emma	Cyseley	+621422591912	8 Lotheville Park	3	5
49	Noam	Enrica	Hyatt	+3519062736618	184 Golf View Drive	4	5
50	Clerkclaude	Logan	Antusch	+866938261194	02 Glendale Lane	5	5
1	Maryl	Rachel	Prevost	+865223049712	8123 Sutherland Circle	1	1
\.


--
-- TOC entry 3977 (class 0 OID 31206)
-- Dependencies: 548
-- Data for Name: event_types; Type: TABLE DATA; Schema: mi182_bmdelacruz2; Owner: datama2mi182
--

COPY mi182_bmdelacruz2.event_types (id, type) FROM stdin;
1	Wedding
2	Birthday
3	Christening
4	Company
5	Private
6	Public
\.


--
-- TOC entry 3979 (class 0 OID 31216)
-- Dependencies: 550
-- Data for Name: events; Type: TABLE DATA; Schema: mi182_bmdelacruz2; Owner: datama2mi182
--

COPY mi182_bmdelacruz2.events (id, company_id, event_type_id, client_id, location, startdate, enddate) FROM stdin;
2	2	2	2	52 Dexter Place, Corticos	2019-10-23	2019-10-24
3	4	5	3	51811 Drewry Court, Laixi	2019-11-11	2019-11-11
4	1	3	4	7 Jackson Trail, Cervantes	2019-12-23	2019-12-23
5	3	4	5	55 Harper Drive, Dongdong	2019-12-30	2019-12-30
1	1	6	1	493 Milwaukee Parkway, Nishor	2019-10-20	2019-10-20
\.


--
-- TOC entry 3965 (class 0 OID 31115)
-- Dependencies: 536
-- Data for Name: florists; Type: TABLE DATA; Schema: mi182_bmdelacruz2; Owner: datama2mi182
--

COPY mi182_bmdelacruz2.florists (id, employee_id, flower_variety_qty) FROM stdin;
1	11	30
2	12	40
3	13	45
4	14	25
5	15	35
6	36	60
7	37	40
8	38	45
9	39	60
10	40	50
\.


--
-- TOC entry 3969 (class 0 OID 31147)
-- Dependencies: 540
-- Data for Name: license_types; Type: TABLE DATA; Schema: mi182_bmdelacruz2; Owner: datama2mi182
--

COPY mi182_bmdelacruz2.license_types (id, type) FROM stdin;
1	Non-Professional
2	Professional
\.


--
-- TOC entry 3955 (class 0 OID 31052)
-- Dependencies: 526
-- Data for Name: presidents; Type: TABLE DATA; Schema: mi182_bmdelacruz2; Owner: datama2mi182
--

COPY mi182_bmdelacruz2.presidents (id, fname, mname, lname, address, contact_number, email_address) FROM stdin;
1	Jo	M	Claravall	15 Lancewood Greenwods Village, Pasig	+639125658891	jo.claravall@gmail.com
2	David	C	De Guzman	Bangkal, Taguig	+639665923590	dcdeguzman@student.apc.edu.ph
\.


--
-- TOC entry 3973 (class 0 OID 31177)
-- Dependencies: 544
-- Data for Name: resource_organizers; Type: TABLE DATA; Schema: mi182_bmdelacruz2; Owner: datama2mi182
--

COPY mi182_bmdelacruz2.resource_organizers (id, employee_id, years_experience, description) FROM stdin;
1	21	5	Self-motivated
2	22	3	Time management
3	23	4	Interpersonal skills
4	24	2	Networking
5	25	5	Focused
6	46	6	Networking
7	47	9	Time management
8	48	2	Interpersonal skills
9	49	3	Focused
10	50	5	Self-motivated
\.


--
-- TOC entry 3975 (class 0 OID 31190)
-- Dependencies: 546
-- Data for Name: styling_assistants; Type: TABLE DATA; Schema: mi182_bmdelacruz2; Owner: datama2mi182
--

COPY mi182_bmdelacruz2.styling_assistants (id, employee_id, certification_qty, years_experience, specialization) FROM stdin;
1	16	5	8	{Ikebana,English}
2	17	2	3	{English,Modern,Contemporary}
3	18	4	5	{Modern}
4	19	6	7	{Contemporary,Modern}
5	20	8	9	{Ikebana,English}
6	41	2	4	{Modern,Contemporary,Ikebana,English}
7	42	1	4	{Contemporary}
8	43	7	3	{English}
9	44	9	5	{Modern,English}
10	45	2	2	{Ikebana,Contemporary}
\.


--
-- TOC entry 3981 (class 0 OID 31247)
-- Dependencies: 552
-- Data for Name: warehouse_types; Type: TABLE DATA; Schema: mi182_bmdelacruz2; Owner: datama2mi182
--

COPY mi182_bmdelacruz2.warehouse_types (id, type) FROM stdin;
1	Public
2	Private
3	Rental
\.


--
-- TOC entry 3983 (class 0 OID 31255)
-- Dependencies: 554
-- Data for Name: warehouses; Type: TABLE DATA; Schema: mi182_bmdelacruz2; Owner: datama2mi182
--

COPY mi182_bmdelacruz2.warehouses (id, company_id, warehouse_type_id, location) FROM stdin;
1	1	1	6 Bay Alley, Chengbei
2	2	3	41133 Lukken Pass, Fayzabad
3	3	2	92 Independence Alley, El Adelanto
4	4	2	275 Shopko Junction, Fahmah
5	5	1	9296 Becker Trail, Taguisa
\.


--
-- TOC entry 4004 (class 0 OID 0)
-- Dependencies: 527
-- Name: clients_id_seq; Type: SEQUENCE SET; Schema: mi182_bmdelacruz2; Owner: datama2mi182
--

SELECT pg_catalog.setval('mi182_bmdelacruz2.clients_id_seq', 5, true);


--
-- TOC entry 4005 (class 0 OID 0)
-- Dependencies: 529
-- Name: companies_id_seq; Type: SEQUENCE SET; Schema: mi182_bmdelacruz2; Owner: datama2mi182
--

SELECT pg_catalog.setval('mi182_bmdelacruz2.companies_id_seq', 5, true);


--
-- TOC entry 4006 (class 0 OID 0)
-- Dependencies: 537
-- Name: drapers_id_seq; Type: SEQUENCE SET; Schema: mi182_bmdelacruz2; Owner: datama2mi182
--

SELECT pg_catalog.setval('mi182_bmdelacruz2.drapers_id_seq', 10, true);


--
-- TOC entry 4007 (class 0 OID 0)
-- Dependencies: 541
-- Name: drivers_id_seq; Type: SEQUENCE SET; Schema: mi182_bmdelacruz2; Owner: datama2mi182
--

SELECT pg_catalog.setval('mi182_bmdelacruz2.drivers_id_seq', 10, true);


--
-- TOC entry 4008 (class 0 OID 0)
-- Dependencies: 531
-- Name: employee_types_id_seq; Type: SEQUENCE SET; Schema: mi182_bmdelacruz2; Owner: datama2mi182
--

SELECT pg_catalog.setval('mi182_bmdelacruz2.employee_types_id_seq', 6, true);


--
-- TOC entry 4009 (class 0 OID 0)
-- Dependencies: 533
-- Name: employees_id_seq; Type: SEQUENCE SET; Schema: mi182_bmdelacruz2; Owner: datama2mi182
--

SELECT pg_catalog.setval('mi182_bmdelacruz2.employees_id_seq', 50, true);


--
-- TOC entry 4010 (class 0 OID 0)
-- Dependencies: 547
-- Name: event_types_id_seq; Type: SEQUENCE SET; Schema: mi182_bmdelacruz2; Owner: datama2mi182
--

SELECT pg_catalog.setval('mi182_bmdelacruz2.event_types_id_seq', 6, true);


--
-- TOC entry 4011 (class 0 OID 0)
-- Dependencies: 549
-- Name: events_id_seq; Type: SEQUENCE SET; Schema: mi182_bmdelacruz2; Owner: datama2mi182
--

SELECT pg_catalog.setval('mi182_bmdelacruz2.events_id_seq', 5, true);


--
-- TOC entry 4012 (class 0 OID 0)
-- Dependencies: 535
-- Name: florists_id_seq; Type: SEQUENCE SET; Schema: mi182_bmdelacruz2; Owner: datama2mi182
--

SELECT pg_catalog.setval('mi182_bmdelacruz2.florists_id_seq', 10, true);


--
-- TOC entry 4013 (class 0 OID 0)
-- Dependencies: 539
-- Name: license_types_id_seq; Type: SEQUENCE SET; Schema: mi182_bmdelacruz2; Owner: datama2mi182
--

SELECT pg_catalog.setval('mi182_bmdelacruz2.license_types_id_seq', 2, true);


--
-- TOC entry 4014 (class 0 OID 0)
-- Dependencies: 525
-- Name: presidents_id_seq; Type: SEQUENCE SET; Schema: mi182_bmdelacruz2; Owner: datama2mi182
--

SELECT pg_catalog.setval('mi182_bmdelacruz2.presidents_id_seq', 2, true);


--
-- TOC entry 4015 (class 0 OID 0)
-- Dependencies: 543
-- Name: resource_organizers_id_seq; Type: SEQUENCE SET; Schema: mi182_bmdelacruz2; Owner: datama2mi182
--

SELECT pg_catalog.setval('mi182_bmdelacruz2.resource_organizers_id_seq', 10, true);


--
-- TOC entry 4016 (class 0 OID 0)
-- Dependencies: 545
-- Name: styling_assistants_id_seq; Type: SEQUENCE SET; Schema: mi182_bmdelacruz2; Owner: datama2mi182
--

SELECT pg_catalog.setval('mi182_bmdelacruz2.styling_assistants_id_seq', 10, true);


--
-- TOC entry 4017 (class 0 OID 0)
-- Dependencies: 551
-- Name: warehouse_types_id_seq; Type: SEQUENCE SET; Schema: mi182_bmdelacruz2; Owner: datama2mi182
--

SELECT pg_catalog.setval('mi182_bmdelacruz2.warehouse_types_id_seq', 3, true);


--
-- TOC entry 4018 (class 0 OID 0)
-- Dependencies: 553
-- Name: warehouses_id_seq; Type: SEQUENCE SET; Schema: mi182_bmdelacruz2; Owner: datama2mi182
--

SELECT pg_catalog.setval('mi182_bmdelacruz2.warehouses_id_seq', 5, true);


--
-- TOC entry 3751 (class 2606 OID 31069)
-- Name: clients clients_contact_number_email_address_key; Type: CONSTRAINT; Schema: mi182_bmdelacruz2; Owner: datama2mi182
--

ALTER TABLE ONLY mi182_bmdelacruz2.clients
    ADD CONSTRAINT clients_contact_number_email_address_key UNIQUE (contact_number, email_address);


--
-- TOC entry 3753 (class 2606 OID 31067)
-- Name: clients clients_pk; Type: CONSTRAINT; Schema: mi182_bmdelacruz2; Owner: datama2mi182
--

ALTER TABLE ONLY mi182_bmdelacruz2.clients
    ADD CONSTRAINT clients_pk PRIMARY KEY (id);


--
-- TOC entry 3755 (class 2606 OID 31077)
-- Name: companies companies_pk; Type: CONSTRAINT; Schema: mi182_bmdelacruz2; Owner: datama2mi182
--

ALTER TABLE ONLY mi182_bmdelacruz2.companies
    ADD CONSTRAINT companies_pk PRIMARY KEY (id);


--
-- TOC entry 3767 (class 2606 OID 31133)
-- Name: drapers drapers_pk; Type: CONSTRAINT; Schema: mi182_bmdelacruz2; Owner: datama2mi182
--

ALTER TABLE ONLY mi182_bmdelacruz2.drapers
    ADD CONSTRAINT drapers_pk PRIMARY KEY (id);


--
-- TOC entry 3773 (class 2606 OID 31164)
-- Name: drivers drivers_license_num_key; Type: CONSTRAINT; Schema: mi182_bmdelacruz2; Owner: datama2mi182
--

ALTER TABLE ONLY mi182_bmdelacruz2.drivers
    ADD CONSTRAINT drivers_license_num_key UNIQUE (license_num);


--
-- TOC entry 3775 (class 2606 OID 31162)
-- Name: drivers drivers_pk; Type: CONSTRAINT; Schema: mi182_bmdelacruz2; Owner: datama2mi182
--

ALTER TABLE ONLY mi182_bmdelacruz2.drivers
    ADD CONSTRAINT drivers_pk PRIMARY KEY (id);


--
-- TOC entry 3757 (class 2606 OID 31090)
-- Name: employee_types employee_types_pk; Type: CONSTRAINT; Schema: mi182_bmdelacruz2; Owner: datama2mi182
--

ALTER TABLE ONLY mi182_bmdelacruz2.employee_types
    ADD CONSTRAINT employee_types_pk PRIMARY KEY (id);


--
-- TOC entry 3759 (class 2606 OID 31092)
-- Name: employee_types employee_types_type_key; Type: CONSTRAINT; Schema: mi182_bmdelacruz2; Owner: datama2mi182
--

ALTER TABLE ONLY mi182_bmdelacruz2.employee_types
    ADD CONSTRAINT employee_types_type_key UNIQUE (type);


--
-- TOC entry 3761 (class 2606 OID 31102)
-- Name: employees employees_contact_number_key; Type: CONSTRAINT; Schema: mi182_bmdelacruz2; Owner: datama2mi182
--

ALTER TABLE ONLY mi182_bmdelacruz2.employees
    ADD CONSTRAINT employees_contact_number_key UNIQUE (contact_number);


--
-- TOC entry 3763 (class 2606 OID 31100)
-- Name: employees employees_pk; Type: CONSTRAINT; Schema: mi182_bmdelacruz2; Owner: datama2mi182
--

ALTER TABLE ONLY mi182_bmdelacruz2.employees
    ADD CONSTRAINT employees_pk PRIMARY KEY (id);


--
-- TOC entry 3781 (class 2606 OID 31211)
-- Name: event_types event_types_pk; Type: CONSTRAINT; Schema: mi182_bmdelacruz2; Owner: datama2mi182
--

ALTER TABLE ONLY mi182_bmdelacruz2.event_types
    ADD CONSTRAINT event_types_pk PRIMARY KEY (id);


--
-- TOC entry 3783 (class 2606 OID 31213)
-- Name: event_types event_types_type_key; Type: CONSTRAINT; Schema: mi182_bmdelacruz2; Owner: datama2mi182
--

ALTER TABLE ONLY mi182_bmdelacruz2.event_types
    ADD CONSTRAINT event_types_type_key UNIQUE (type);


--
-- TOC entry 3785 (class 2606 OID 31221)
-- Name: events events_pk; Type: CONSTRAINT; Schema: mi182_bmdelacruz2; Owner: datama2mi182
--

ALTER TABLE ONLY mi182_bmdelacruz2.events
    ADD CONSTRAINT events_pk PRIMARY KEY (id);


--
-- TOC entry 3765 (class 2606 OID 31120)
-- Name: florists florists_pk; Type: CONSTRAINT; Schema: mi182_bmdelacruz2; Owner: datama2mi182
--

ALTER TABLE ONLY mi182_bmdelacruz2.florists
    ADD CONSTRAINT florists_pk PRIMARY KEY (id);


--
-- TOC entry 3769 (class 2606 OID 31152)
-- Name: license_types license_types_pk; Type: CONSTRAINT; Schema: mi182_bmdelacruz2; Owner: datama2mi182
--

ALTER TABLE ONLY mi182_bmdelacruz2.license_types
    ADD CONSTRAINT license_types_pk PRIMARY KEY (id);


--
-- TOC entry 3771 (class 2606 OID 31154)
-- Name: license_types license_types_type_key; Type: CONSTRAINT; Schema: mi182_bmdelacruz2; Owner: datama2mi182
--

ALTER TABLE ONLY mi182_bmdelacruz2.license_types
    ADD CONSTRAINT license_types_type_key UNIQUE (type);


--
-- TOC entry 3747 (class 2606 OID 31059)
-- Name: presidents presidents_contact_number_email_address_key; Type: CONSTRAINT; Schema: mi182_bmdelacruz2; Owner: datama2mi182
--

ALTER TABLE ONLY mi182_bmdelacruz2.presidents
    ADD CONSTRAINT presidents_contact_number_email_address_key UNIQUE (contact_number, email_address);


--
-- TOC entry 3749 (class 2606 OID 31057)
-- Name: presidents presidents_pk; Type: CONSTRAINT; Schema: mi182_bmdelacruz2; Owner: datama2mi182
--

ALTER TABLE ONLY mi182_bmdelacruz2.presidents
    ADD CONSTRAINT presidents_pk PRIMARY KEY (id);


--
-- TOC entry 3777 (class 2606 OID 31182)
-- Name: resource_organizers resource_organizers_pk; Type: CONSTRAINT; Schema: mi182_bmdelacruz2; Owner: datama2mi182
--

ALTER TABLE ONLY mi182_bmdelacruz2.resource_organizers
    ADD CONSTRAINT resource_organizers_pk PRIMARY KEY (id);


--
-- TOC entry 3779 (class 2606 OID 31198)
-- Name: styling_assistants styling_assistants_pk; Type: CONSTRAINT; Schema: mi182_bmdelacruz2; Owner: datama2mi182
--

ALTER TABLE ONLY mi182_bmdelacruz2.styling_assistants
    ADD CONSTRAINT styling_assistants_pk PRIMARY KEY (id);


--
-- TOC entry 3787 (class 2606 OID 31252)
-- Name: warehouse_types warehouse_types_pk; Type: CONSTRAINT; Schema: mi182_bmdelacruz2; Owner: datama2mi182
--

ALTER TABLE ONLY mi182_bmdelacruz2.warehouse_types
    ADD CONSTRAINT warehouse_types_pk PRIMARY KEY (id);


--
-- TOC entry 3789 (class 2606 OID 31262)
-- Name: warehouses warehouses_location_key; Type: CONSTRAINT; Schema: mi182_bmdelacruz2; Owner: datama2mi182
--

ALTER TABLE ONLY mi182_bmdelacruz2.warehouses
    ADD CONSTRAINT warehouses_location_key UNIQUE (location);


--
-- TOC entry 3791 (class 2606 OID 31260)
-- Name: warehouses warehouses_pk; Type: CONSTRAINT; Schema: mi182_bmdelacruz2; Owner: datama2mi182
--

ALTER TABLE ONLY mi182_bmdelacruz2.warehouses
    ADD CONSTRAINT warehouses_pk PRIMARY KEY (id);


--
-- TOC entry 3792 (class 2606 OID 31078)
-- Name: companies companies_president_id_fkey; Type: FK CONSTRAINT; Schema: mi182_bmdelacruz2; Owner: datama2mi182
--

ALTER TABLE ONLY mi182_bmdelacruz2.companies
    ADD CONSTRAINT companies_president_id_fkey FOREIGN KEY (president_id) REFERENCES mi182_bmdelacruz2.presidents(id);


--
-- TOC entry 3796 (class 2606 OID 31134)
-- Name: drapers drapers_employee_id_fkey; Type: FK CONSTRAINT; Schema: mi182_bmdelacruz2; Owner: datama2mi182
--

ALTER TABLE ONLY mi182_bmdelacruz2.drapers
    ADD CONSTRAINT drapers_employee_id_fkey FOREIGN KEY (employee_id) REFERENCES mi182_bmdelacruz2.employees(id);


--
-- TOC entry 3797 (class 2606 OID 31165)
-- Name: drivers drivers_employee_id_fkey; Type: FK CONSTRAINT; Schema: mi182_bmdelacruz2; Owner: datama2mi182
--

ALTER TABLE ONLY mi182_bmdelacruz2.drivers
    ADD CONSTRAINT drivers_employee_id_fkey FOREIGN KEY (employee_id) REFERENCES mi182_bmdelacruz2.employees(id);


--
-- TOC entry 3798 (class 2606 OID 31170)
-- Name: drivers drivers_license_type_id_fkey; Type: FK CONSTRAINT; Schema: mi182_bmdelacruz2; Owner: datama2mi182
--

ALTER TABLE ONLY mi182_bmdelacruz2.drivers
    ADD CONSTRAINT drivers_license_type_id_fkey FOREIGN KEY (license_type_id) REFERENCES mi182_bmdelacruz2.license_types(id);


--
-- TOC entry 3793 (class 2606 OID 31103)
-- Name: employees employees_company_id_fkey; Type: FK CONSTRAINT; Schema: mi182_bmdelacruz2; Owner: datama2mi182
--

ALTER TABLE ONLY mi182_bmdelacruz2.employees
    ADD CONSTRAINT employees_company_id_fkey FOREIGN KEY (company_id) REFERENCES mi182_bmdelacruz2.companies(id);


--
-- TOC entry 3794 (class 2606 OID 31108)
-- Name: employees employees_employee_type_id_fkey; Type: FK CONSTRAINT; Schema: mi182_bmdelacruz2; Owner: datama2mi182
--

ALTER TABLE ONLY mi182_bmdelacruz2.employees
    ADD CONSTRAINT employees_employee_type_id_fkey FOREIGN KEY (employee_type_id) REFERENCES mi182_bmdelacruz2.employee_types(id);


--
-- TOC entry 3803 (class 2606 OID 31232)
-- Name: events events_client_id_fkey; Type: FK CONSTRAINT; Schema: mi182_bmdelacruz2; Owner: datama2mi182
--

ALTER TABLE ONLY mi182_bmdelacruz2.events
    ADD CONSTRAINT events_client_id_fkey FOREIGN KEY (client_id) REFERENCES mi182_bmdelacruz2.clients(id);


--
-- TOC entry 3801 (class 2606 OID 31222)
-- Name: events events_company_id_fkey; Type: FK CONSTRAINT; Schema: mi182_bmdelacruz2; Owner: datama2mi182
--

ALTER TABLE ONLY mi182_bmdelacruz2.events
    ADD CONSTRAINT events_company_id_fkey FOREIGN KEY (company_id) REFERENCES mi182_bmdelacruz2.companies(id);


--
-- TOC entry 3802 (class 2606 OID 31227)
-- Name: events events_event_type_id_fkey; Type: FK CONSTRAINT; Schema: mi182_bmdelacruz2; Owner: datama2mi182
--

ALTER TABLE ONLY mi182_bmdelacruz2.events
    ADD CONSTRAINT events_event_type_id_fkey FOREIGN KEY (event_type_id) REFERENCES mi182_bmdelacruz2.event_types(id);


--
-- TOC entry 3795 (class 2606 OID 31121)
-- Name: florists florists_employee_id_fkey; Type: FK CONSTRAINT; Schema: mi182_bmdelacruz2; Owner: datama2mi182
--

ALTER TABLE ONLY mi182_bmdelacruz2.florists
    ADD CONSTRAINT florists_employee_id_fkey FOREIGN KEY (employee_id) REFERENCES mi182_bmdelacruz2.employees(id);


--
-- TOC entry 3799 (class 2606 OID 31183)
-- Name: resource_organizers resource_organizers_employee_id_fkey; Type: FK CONSTRAINT; Schema: mi182_bmdelacruz2; Owner: datama2mi182
--

ALTER TABLE ONLY mi182_bmdelacruz2.resource_organizers
    ADD CONSTRAINT resource_organizers_employee_id_fkey FOREIGN KEY (employee_id) REFERENCES mi182_bmdelacruz2.employees(id);


--
-- TOC entry 3800 (class 2606 OID 31199)
-- Name: styling_assistants styling_assistants_employee_id_fkey; Type: FK CONSTRAINT; Schema: mi182_bmdelacruz2; Owner: datama2mi182
--

ALTER TABLE ONLY mi182_bmdelacruz2.styling_assistants
    ADD CONSTRAINT styling_assistants_employee_id_fkey FOREIGN KEY (employee_id) REFERENCES mi182_bmdelacruz2.employees(id);


--
-- TOC entry 3804 (class 2606 OID 31263)
-- Name: warehouses warehouses_company_id_fkey; Type: FK CONSTRAINT; Schema: mi182_bmdelacruz2; Owner: datama2mi182
--

ALTER TABLE ONLY mi182_bmdelacruz2.warehouses
    ADD CONSTRAINT warehouses_company_id_fkey FOREIGN KEY (company_id) REFERENCES mi182_bmdelacruz2.companies(id);


--
-- TOC entry 3805 (class 2606 OID 31268)
-- Name: warehouses warehouses_warehouse_type_id_fkey; Type: FK CONSTRAINT; Schema: mi182_bmdelacruz2; Owner: datama2mi182
--

ALTER TABLE ONLY mi182_bmdelacruz2.warehouses
    ADD CONSTRAINT warehouses_warehouse_type_id_fkey FOREIGN KEY (warehouse_type_id) REFERENCES mi182_bmdelacruz2.warehouse_types(id);


-- Completed on 2020-01-21 17:36:14

--
-- PostgreSQL database dump complete
--

